[{"model": "contenttypes.contenttype", "pk": 1, "fields": {"app_label": "admin", "model": "logentry"}}, {"model": "contenttypes.contenttype", "pk": 2, "fields": {"app_label": "constance", "model": "config"}}, {"model": "contenttypes.contenttype", "pk": 3, "fields": {"app_label": "auth", "model": "permission"}}, {"model": "contenttypes.contenttype", "pk": 4, "fields": {"app_label": "auth", "model": "group"}}, {"model": "contenttypes.contenttype", "pk": 5, "fields": {"app_label": "contenttypes", "model": "contenttype"}}, {"model": "contenttypes.contenttype", "pk": 6, "fields": {"app_label": "sessions", "model": "session"}}, {"model": "contenttypes.contenttype", "pk": 7, "fields": {"app_label": "mainapp", "model": "customuser"}}, {"model": "contenttypes.contenttype", "pk": 8, "fields": {"app_label": "mainapp", "model": "customer"}}, {"model": "contenttypes.contenttype", "pk": 9, "fields": {"app_label": "mainapp", "model": "item"}}, {"model": "contenttypes.contenttype", "pk": 10, "fields": {"app_label": "mainapp", "model": "itemcategory"}}, {"model": "contenttypes.contenttype", "pk": 11, "fields": {"app_label": "mainapp", "model": "unit"}}, {"model": "contenttypes.contenttype", "pk": 12, "fields": {"app_label": "mainapp", "model": "orderitem"}}, {"model": "contenttypes.contenttype", "pk": 13, "fields": {"app_label": "mainapp", "model": "order"}}, {"model": "sessions.session", "pk": "490ow2w66zpm1l9wy14n1jftcqftq0zt", "fields": {"session_data": "YzM2ODQxOTIyMTI2YWM5MTlkODJhYzlhZjM2MzY5MDU2ZWI5NjFhZjp7Il9hdXRoX3VzZXJfaWQiOiI1IiwiX2F1dGhfdXNlcl9iYWNrZW5kIjoiZGphbmdvLmNvbnRyaWIuYXV0aC5iYWNrZW5kcy5Nb2RlbEJhY2tlbmQiLCJfYXV0aF91c2VyX2hhc2giOiI4MDI3NDg1NDc4OTZjOTAxMGE1NGU3MTQwODBmOWQ1NTNlMDBiZGYxIn0=", "expire_date": "2021-05-13T08:44:24.284"}}, {"model": "sessions.session", "pk": "50ozyo1a2wrc1p6nwrcjsik6p8j8rnar", "fields": {"session_data": "ZDFiN2Y3ZDU3N2Y0ZDQ3YmJhZTEyZDAyZjE3NWU3MjMzOWRkMjE4NDp7Il9hdXRoX3VzZXJfaWQiOiIxIiwiX2F1dGhfdXNlcl9iYWNrZW5kIjoiZGphbmdvLmNvbnRyaWIuYXV0aC5iYWNrZW5kcy5Nb2RlbEJhY2tlbmQiLCJfYXV0aF91c2VyX2hhc2giOiI5ZDYzZjRkMTUyYmE1YTBjNzMyZTBhMjhiOTg0ZDk2ZjM4MGE2ZjM2In0=", "expire_date": "2021-05-08T22:44:28.788"}}, {"model": "sessions.session", "pk": "9zee02mdbj08w7c3mkojqcxrt7daacxu", "fields": {"session_data": "ZDFiN2Y3ZDU3N2Y0ZDQ3YmJhZTEyZDAyZjE3NWU3MjMzOWRkMjE4NDp7Il9hdXRoX3VzZXJfaWQiOiIxIiwiX2F1dGhfdXNlcl9iYWNrZW5kIjoiZGphbmdvLmNvbnRyaWIuYXV0aC5iYWNrZW5kcy5Nb2RlbEJhY2tlbmQiLCJfYXV0aF91c2VyX2hhc2giOiI5ZDYzZjRkMTUyYmE1YTBjNzMyZTBhMjhiOTg0ZDk2ZjM4MGE2ZjM2In0=", "expire_date": "2021-05-06T18:16:55.940"}}, {"model": "sessions.session", "pk": "anbgckvdf9ecpjehsnun5tavq97f664m", "fields": {"session_data": "ZDFiN2Y3ZDU3N2Y0ZDQ3YmJhZTEyZDAyZjE3NWU3MjMzOWRkMjE4NDp7Il9hdXRoX3VzZXJfaWQiOiIxIiwiX2F1dGhfdXNlcl9iYWNrZW5kIjoiZGphbmdvLmNvbnRyaWIuYXV0aC5iYWNrZW5kcy5Nb2RlbEJhY2tlbmQiLCJfYXV0aF91c2VyX2hhc2giOiI5ZDYzZjRkMTUyYmE1YTBjNzMyZTBhMjhiOTg0ZDk2ZjM4MGE2ZjM2In0=", "expire_date": "2021-05-06T07:39:57.235"}}, {"model": "sessions.session", "pk": "d7osyiddv3yemtty8wc9gwsy42nysvpp", "fields": {"session_data": "ZjM4N2IyMWRiZjcxY2YxMWJjMmM5OTRhZjVmZGJhMmUyOTg4ZDdjMzp7Il9hdXRoX3VzZXJfaWQiOiIzIiwiX2F1dGhfdXNlcl9iYWNrZW5kIjoiZGphbmdvLmNvbnRyaWIuYXV0aC5iYWNrZW5kcy5Nb2RlbEJhY2tlbmQiLCJfYXV0aF91c2VyX2hhc2giOiJhZDBjYjZlMjQyMzk2ZjhiNWY2ODNjZTZmMWEyYWE2M2VhMDM2ODFiIn0=", "expire_date": "2021-05-03T18:35:00.779"}}, {"model": "sessions.session", "pk": "f92sesxllf7f1sihmxi1ou4p6nhref1y", "fields": {"session_data": "YmQyYWU2ZjJmZmExMmQ1YjdjZDFlNDBiNTA1NzA5ZmRhNDI3ZWZmODp7Il9hdXRoX3VzZXJfaWQiOiIxIiwiX2F1dGhfdXNlcl9iYWNrZW5kIjoiZGphbmdvLmNvbnRyaWIuYXV0aC5iYWNrZW5kcy5Nb2RlbEJhY2tlbmQiLCJfYXV0aF91c2VyX2hhc2giOiIxNGE2NmIxM2Y2NjI5ZmIzYjk1MmMwNTEzMWMzYTdiZjM1ZjFhMzI0In0=", "expire_date": "2021-04-29T16:13:11.261"}}, {"model": "sessions.session", "pk": "g4xvsdrrpz34jk06u3zkq28nhgjjf0rx", "fields": {"session_data": "ZDFiN2Y3ZDU3N2Y0ZDQ3YmJhZTEyZDAyZjE3NWU3MjMzOWRkMjE4NDp7Il9hdXRoX3VzZXJfaWQiOiIxIiwiX2F1dGhfdXNlcl9iYWNrZW5kIjoiZGphbmdvLmNvbnRyaWIuYXV0aC5iYWNrZW5kcy5Nb2RlbEJhY2tlbmQiLCJfYXV0aF91c2VyX2hhc2giOiI5ZDYzZjRkMTUyYmE1YTBjNzMyZTBhMjhiOTg0ZDk2ZjM4MGE2ZjM2In0=", "expire_date": "2021-05-08T12:17:30.922"}}, {"model": "sessions.session", "pk": "jitrmeowsl5dlcv18fkt2xxtcdoj6au6", "fields": {"session_data": "YmQyYWU2ZjJmZmExMmQ1YjdjZDFlNDBiNTA1NzA5ZmRhNDI3ZWZmODp7Il9hdXRoX3VzZXJfaWQiOiIxIiwiX2F1dGhfdXNlcl9iYWNrZW5kIjoiZGphbmdvLmNvbnRyaWIuYXV0aC5iYWNrZW5kcy5Nb2RlbEJhY2tlbmQiLCJfYXV0aF91c2VyX2hhc2giOiIxNGE2NmIxM2Y2NjI5ZmIzYjk1MmMwNTEzMWMzYTdiZjM1ZjFhMzI0In0=", "expire_date": "2021-04-28T19:39:46.837"}}, {"model": "sessions.session", "pk": "k06j4gxq3nyz92khp17dlb1gt0atg5hw", "fields": {"session_data": "YzM2ODQxOTIyMTI2YWM5MTlkODJhYzlhZjM2MzY5MDU2ZWI5NjFhZjp7Il9hdXRoX3VzZXJfaWQiOiI1IiwiX2F1dGhfdXNlcl9iYWNrZW5kIjoiZGphbmdvLmNvbnRyaWIuYXV0aC5iYWNrZW5kcy5Nb2RlbEJhY2tlbmQiLCJfYXV0aF91c2VyX2hhc2giOiI4MDI3NDg1NDc4OTZjOTAxMGE1NGU3MTQwODBmOWQ1NTNlMDBiZGYxIn0=", "expire_date": "2021-05-09T03:04:13.852"}}, {"model": "sessions.session", "pk": "k2ygxxcjc3u6wujhoytp1ihckh32cimv", "fields": {"session_data": "YzM2ODQxOTIyMTI2YWM5MTlkODJhYzlhZjM2MzY5MDU2ZWI5NjFhZjp7Il9hdXRoX3VzZXJfaWQiOiI1IiwiX2F1dGhfdXNlcl9iYWNrZW5kIjoiZGphbmdvLmNvbnRyaWIuYXV0aC5iYWNrZW5kcy5Nb2RlbEJhY2tlbmQiLCJfYXV0aF91c2VyX2hhc2giOiI4MDI3NDg1NDc4OTZjOTAxMGE1NGU3MTQwODBmOWQ1NTNlMDBiZGYxIn0=", "expire_date": "2021-05-10T18:10:39.797"}}, {"model": "sessions.session", "pk": "k63a5enpg98hoe443zq5wxmf2m8w3170", "fields": {"session_data": "YzM2ODQxOTIyMTI2YWM5MTlkODJhYzlhZjM2MzY5MDU2ZWI5NjFhZjp7Il9hdXRoX3VzZXJfaWQiOiI1IiwiX2F1dGhfdXNlcl9iYWNrZW5kIjoiZGphbmdvLmNvbnRyaWIuYXV0aC5iYWNrZW5kcy5Nb2RlbEJhY2tlbmQiLCJfYXV0aF91c2VyX2hhc2giOiI4MDI3NDg1NDc4OTZjOTAxMGE1NGU3MTQwODBmOWQ1NTNlMDBiZGYxIn0=", "expire_date": "2021-05-15T23:56:32.216"}}, {"model": "sessions.session", "pk": "k6xbt4pdfb5tvx7prb5wtyso4z8efui3", "fields": {"session_data": "YmQyYWU2ZjJmZmExMmQ1YjdjZDFlNDBiNTA1NzA5ZmRhNDI3ZWZmODp7Il9hdXRoX3VzZXJfaWQiOiIxIiwiX2F1dGhfdXNlcl9iYWNrZW5kIjoiZGphbmdvLmNvbnRyaWIuYXV0aC5iYWNrZW5kcy5Nb2RlbEJhY2tlbmQiLCJfYXV0aF91c2VyX2hhc2giOiIxNGE2NmIxM2Y2NjI5ZmIzYjk1MmMwNTEzMWMzYTdiZjM1ZjFhMzI0In0=", "expire_date": "2021-04-30T16:25:58.462"}}, {"model": "sessions.session", "pk": "l03neqhnqvs6x5gvm2gxm15grc5blmza", "fields": {"session_data": "NjM4NmU5ZGU5YjExOTA3ZWI2MWZkZmJiOTIxNDcwMWEzZDc3MjQ0MDp7Il9hdXRoX3VzZXJfaWQiOiIxIiwiX2F1dGhfdXNlcl9iYWNrZW5kIjoiZGphbmdvLmNvbnRyaWIuYXV0aC5iYWNrZW5kcy5Nb2RlbEJhY2tlbmQiLCJfYXV0aF91c2VyX2hhc2giOiJiNzFiMmRhM2E0ZjZiNWM3OTdlMGYxOGJkYjlhYjE5NGQxZTQzZTE2In0=", "expire_date": "2021-05-02T08:42:13.206"}}, {"model": "sessions.session", "pk": "n3nkzcye31x02iuphs87k18nxhpej5n4", "fields": {"session_data": "ZjM4N2IyMWRiZjcxY2YxMWJjMmM5OTRhZjVmZGJhMmUyOTg4ZDdjMzp7Il9hdXRoX3VzZXJfaWQiOiIzIiwiX2F1dGhfdXNlcl9iYWNrZW5kIjoiZGphbmdvLmNvbnRyaWIuYXV0aC5iYWNrZW5kcy5Nb2RlbEJhY2tlbmQiLCJfYXV0aF91c2VyX2hhc2giOiJhZDBjYjZlMjQyMzk2ZjhiNWY2ODNjZTZmMWEyYWE2M2VhMDM2ODFiIn0=", "expire_date": "2021-04-29T16:14:33.521"}}, {"model": "sessions.session", "pk": "nghhrqa06axn646h02o52qu1ijdptach", "fields": {"session_data": "YzM2ODQxOTIyMTI2YWM5MTlkODJhYzlhZjM2MzY5MDU2ZWI5NjFhZjp7Il9hdXRoX3VzZXJfaWQiOiI1IiwiX2F1dGhfdXNlcl9iYWNrZW5kIjoiZGphbmdvLmNvbnRyaWIuYXV0aC5iYWNrZW5kcy5Nb2RlbEJhY2tlbmQiLCJfYXV0aF91c2VyX2hhc2giOiI4MDI3NDg1NDc4OTZjOTAxMGE1NGU3MTQwODBmOWQ1NTNlMDBiZGYxIn0=", "expire_date": "2021-05-10T18:11:19.851"}}, {"model": "sessions.session", "pk": "o3udmc0ahvsazuj5tygopbl4cngotmje", "fields": {"session_data": "YmQyYWU2ZjJmZmExMmQ1YjdjZDFlNDBiNTA1NzA5ZmRhNDI3ZWZmODp7Il9hdXRoX3VzZXJfaWQiOiIxIiwiX2F1dGhfdXNlcl9iYWNrZW5kIjoiZGphbmdvLmNvbnRyaWIuYXV0aC5iYWNrZW5kcy5Nb2RlbEJhY2tlbmQiLCJfYXV0aF91c2VyX2hhc2giOiIxNGE2NmIxM2Y2NjI5ZmIzYjk1MmMwNTEzMWMzYTdiZjM1ZjFhMzI0In0=", "expire_date": "2021-05-01T07:55:51.515"}}, {"model": "sessions.session", "pk": "rhukx3edtzj1e8efqcijlt7qtj2bdihj", "fields": {"session_data": "YmQyYWU2ZjJmZmExMmQ1YjdjZDFlNDBiNTA1NzA5ZmRhNDI3ZWZmODp7Il9hdXRoX3VzZXJfaWQiOiIxIiwiX2F1dGhfdXNlcl9iYWNrZW5kIjoiZGphbmdvLmNvbnRyaWIuYXV0aC5iYWNrZW5kcy5Nb2RlbEJhY2tlbmQiLCJfYXV0aF91c2VyX2hhc2giOiIxNGE2NmIxM2Y2NjI5ZmIzYjk1MmMwNTEzMWMzYTdiZjM1ZjFhMzI0In0=", "expire_date": "2021-04-30T15:29:53.836"}}, {"model": "sessions.session", "pk": "xq9ucpp87xu82e50d7lic4wwqf0hu1r2", "fields": {"session_data": "YmQyYWU2ZjJmZmExMmQ1YjdjZDFlNDBiNTA1NzA5ZmRhNDI3ZWZmODp7Il9hdXRoX3VzZXJfaWQiOiIxIiwiX2F1dGhfdXNlcl9iYWNrZW5kIjoiZGphbmdvLmNvbnRyaWIuYXV0aC5iYWNrZW5kcy5Nb2RlbEJhY2tlbmQiLCJfYXV0aF91c2VyX2hhc2giOiIxNGE2NmIxM2Y2NjI5ZmIzYjk1MmMwNTEzMWMzYTdiZjM1ZjFhMzI0In0=", "expire_date": "2021-05-01T08:00:49.203"}}, {"model": "sessions.session", "pk": "y3yrvf2h7874mjz7h5ce2j6b8s7j75jk", "fields": {"session_data": "YmQyYWU2ZjJmZmExMmQ1YjdjZDFlNDBiNTA1NzA5ZmRhNDI3ZWZmODp7Il9hdXRoX3VzZXJfaWQiOiIxIiwiX2F1dGhfdXNlcl9iYWNrZW5kIjoiZGphbmdvLmNvbnRyaWIuYXV0aC5iYWNrZW5kcy5Nb2RlbEJhY2tlbmQiLCJfYXV0aF91c2VyX2hhc2giOiIxNGE2NmIxM2Y2NjI5ZmIzYjk1MmMwNTEzMWMzYTdiZjM1ZjFhMzI0In0=", "expire_date": "2021-04-30T08:45:29.839"}}, {"model": "sessions.session", "pk": "yko116zsziv9o4gyvc5nryuz06na25lq", "fields": {"session_data": "ZDFiN2Y3ZDU3N2Y0ZDQ3YmJhZTEyZDAyZjE3NWU3MjMzOWRkMjE4NDp7Il9hdXRoX3VzZXJfaWQiOiIxIiwiX2F1dGhfdXNlcl9iYWNrZW5kIjoiZGphbmdvLmNvbnRyaWIuYXV0aC5iYWNrZW5kcy5Nb2RlbEJhY2tlbmQiLCJfYXV0aF91c2VyX2hhc2giOiI5ZDYzZjRkMTUyYmE1YTBjNzMyZTBhMjhiOTg0ZDk2ZjM4MGE2ZjM2In0=", "expire_date": "2021-05-04T14:18:01.605"}}, {"model": "sessions.session", "pk": "ztqypm1d5xxzncprmredirgggsvbpjbh", "fields": {"session_data": "YmQyYWU2ZjJmZmExMmQ1YjdjZDFlNDBiNTA1NzA5ZmRhNDI3ZWZmODp7Il9hdXRoX3VzZXJfaWQiOiIxIiwiX2F1dGhfdXNlcl9iYWNrZW5kIjoiZGphbmdvLmNvbnRyaWIuYXV0aC5iYWNrZW5kcy5Nb2RlbEJhY2tlbmQiLCJfYXV0aF91c2VyX2hhc2giOiIxNGE2NmIxM2Y2NjI5ZmIzYjk1MmMwNTEzMWMzYTdiZjM1ZjFhMzI0In0=", "expire_date": "2021-04-30T14:06:42.853"}}, {"model": "mainapp.customuser", "pk": 5, "fields": {"password": "pbkdf2_sha256$180000$eJP2JE0M4G08$EZPSq7YhlA6DtCbgkcCOc2hXJVtGnMIeI2lLRt1DQqY=", "last_login": "2021-04-25T03:04:13.841", "email": "admin@dary.com", "full_name": "Dary Admin2", "user_role": "Admin", "phone_number": null, "active": true, "admin": true, "superuser": true, "staff": true, "timestamp": "2021-04-25T03:03:08.815", "image": "avatar0.jpg"}}, {"model": "mainapp.customer", "pk": 1, "fields": {"name": "General", "address": "BBSBS", "phone_number": "+265 000 000 00", "country": "MALAWI", "total_quotations": 0, "email": ""}}, {"model": "mainapp.unit", "pk": 1, "fields": {"unit_short_name": "PC", "unit_description": "Piece"}}, {"model": "mainapp.unit", "pk": 2, "fields": {"unit_short_name": "EA", "unit_description": "Each"}}, {"model": "mainapp.unit", "pk": 3, "fields": {"unit_short_name": "KG", "unit_description": "Kilogram"}}, {"model": "mainapp.unit", "pk": 4, "fields": {"unit_short_name": "Box", "unit_description": "Box"}}, {"model": "mainapp.itemcategory", "pk": 1, "fields": {"category_name": "Blinds", "category_description": "Blinds Category"}}, {"model": "mainapp.itemcategory", "pk": 2, "fields": {"category_name": "Carpets", "category_description": "Carpets Category"}}, {"model": "mainapp.itemcategory", "pk": 3, "fields": {"category_name": "Curtains", "category_description": "Curtains Category"}}, {"model": "mainapp.itemcategory", "pk": 4, "fields": {"category_name": "Rufflette Tape", "category_description": "Rufflette Tape Category"}}, {"model": "mainapp.itemcategory", "pk": 5, "fields": {"category_name": "Rails", "category_description": "Rails Category"}}, {"model": "mainapp.itemcategory", "pk": 6, "fields": {"category_name": "Rods", "category_description": "Rods Category"}}, {"model": "mainapp.item", "pk": 1, "fields": {"item_name": "Vertical Blinds 127mm", "item_description": "127mm Vertical Blinds", "unit": 2, "price_currency": "MWK", "price": "4000.00", "discount_price_currency": "MWK", "discount_price": null, "category": 1, "active": true, "slug": "127mmvb"}}, {"model": "mainapp.item", "pk": 2, "fields": {"item_name": "Vertical Blinds 90mm", "item_description": "90mm Vertical Blinds", "unit": 2, "price_currency": "MWK", "price": "7000.00", "discount_price_currency": "MWK", "discount_price": null, "category": 1, "active": true, "slug": "90mmvb"}}, {"model": "mainapp.item", "pk": 3, "fields": {"item_name": "Venetian Blinds 25mm", "item_description": "25 mm Venetian Blinds", "unit": 2, "price_currency": "MWK", "price": "8000.00", "discount_price_currency": "MWK", "discount_price": null, "category": 1, "active": true, "slug": "25mmvb"}}, {"model": "mainapp.item", "pk": 4, "fields": {"item_name": "Venetian Blinds 35mm", "item_description": "35mm Venetian Blinds", "unit": 2, "price_currency": "MWK", "price": "5000.00", "discount_price_currency": "MWK", "discount_price": null, "category": 1, "active": true, "slug": "35mmvb"}}, {"model": "mainapp.item", "pk": 5, "fields": {"item_name": "Venetian Blinds 50mm", "item_description": "50 mm Venetian Blinds", "unit": 2, "price_currency": "MWK", "price": "9000.00", "discount_price_currency": "MWK", "discount_price": null, "category": 1, "active": true, "slug": "50mmvb"}}, {"model": "mainapp.item", "pk": 6, "fields": {"item_name": "Aluwood Blinds 25mm", "item_description": "25mm Aluwood Blinds", "unit": 2, "price_currency": "MWK", "price": "1000.00", "discount_price_currency": "MWK", "discount_price": null, "category": 1, "active": true, "slug": "25mmAB"}}, {"model": "mainapp.item", "pk": 7, "fields": {"item_name": "Aluwood Blinds 35mm", "item_description": "35mm Aluwood Blinds", "unit": 2, "price_currency": "MWK", "price": "1200.00", "discount_price_currency": "MWK", "discount_price": null, "category": 1, "active": true, "slug": "35mmAb"}}, {"model": "mainapp.item", "pk": 8, "fields": {"item_name": "Aluwood Blinds 50mm", "item_description": "50mm Aluwood Blinds", "unit": 2, "price_currency": "MWK", "price": "2000.00", "discount_price_currency": "MWK", "discount_price": null, "category": 1, "active": true, "slug": "50mmAb"}}, {"model": "mainapp.item", "pk": 9, "fields": {"item_name": "Plaswood Blinds 25mm", "item_description": "25mm Plaswood Blinds", "unit": 2, "price_currency": "MWK", "price": "12000.00", "discount_price_currency": "MWK", "discount_price": null, "category": 1, "active": true, "slug": "25mmpb"}}, {"model": "mainapp.item", "pk": 10, "fields": {"item_name": "Plaswood Blinds 35mm", "item_description": "35mm Plaswood Blinds", "unit": 2, "price_currency": "MWK", "price": "13000.00", "discount_price_currency": "MWK", "discount_price": null, "category": 1, "active": true, "slug": "35mmpb"}}, {"model": "mainapp.item", "pk": 11, "fields": {"item_name": "Plaswood Blinds 50mm", "item_description": "50mm Plaswood Blinds", "unit": 2, "price_currency": "MWK", "price": "1700.00", "discount_price_currency": "MWK", "discount_price": null, "category": 1, "active": true, "slug": "50mmpb"}}, {"model": "mainapp.item", "pk": 12, "fields": {"item_name": "Basswood Blinds 25mm", "item_description": "25mm Basswood Blinds", "unit": 2, "price_currency": "MWK", "price": "12000.00", "discount_price_currency": "MWK", "discount_price": null, "category": 1, "active": true, "slug": "25mmbb"}}, {"model": "mainapp.item", "pk": 13, "fields": {"item_name": "Basswood Blinds 35mm", "item_description": "35mm Basswood Blinds", "unit": 2, "price_currency": "MWK", "price": "19000.00", "discount_price_currency": "MWK", "discount_price": null, "category": 1, "active": true, "slug": "35mmbb"}}, {"model": "mainapp.item", "pk": 14, "fields": {"item_name": "Basswood Blinds 50mm", "item_description": "50mm Basswood Blinds", "unit": 2, "price_currency": "MWK", "price": "1900.00", "discount_price_currency": "MWK", "discount_price": null, "category": 1, "active": true, "slug": "50mmbb"}}, {"model": "mainapp.item", "pk": 15, "fields": {"item_name": "Bambo Blinds 50mm", "item_description": "50mm Bambo Blinds", "unit": 2, "price_currency": "MWK", "price": "12000.00", "discount_price_currency": "MWK", "discount_price": null, "category": 1, "active": true, "slug": "50mmbb"}}, {"model": "mainapp.item", "pk": 16, "fields": {"item_name": "Single Roller Blinds", "item_description": "Single Roller Blinds", "unit": 2, "price_currency": "MWK", "price": "10000.00", "discount_price_currency": "MWK", "discount_price": null, "category": 1, "active": true, "slug": "srb"}}, {"model": "mainapp.item", "pk": 17, "fields": {"item_name": "Double Roller Blinds", "item_description": "Double Roller Blinds", "unit": 2, "price_currency": "MWK", "price": "12000.00", "discount_price_currency": "MWK", "discount_price": null, "category": 1, "active": true, "slug": "drb"}}, {"model": "mainapp.item", "pk": 18, "fields": {"item_name": "Roman Blinds 50mm", "item_description": "50mm Roman Blinds", "unit": 2, "price_currency": "MWK", "price": "12000.00", "discount_price_currency": "MWK", "discount_price": null, "category": 1, "active": true, "slug": "50mmrb"}}, {"model": "mainapp.item", "pk": 19, "fields": {"item_name": "Wooden Blinds 25mm", "item_description": "25mm Wooden Blinds", "unit": 2, "price_currency": "MWK", "price": "45000.00", "discount_price_currency": "MWK", "discount_price": null, "category": 1, "active": true, "slug": "25mmwb"}}, {"model": "mainapp.item", "pk": 20, "fields": {"item_name": "Wooden Blinds 50mm", "item_description": "50mm Wooden Blinds", "unit": 2, "price_currency": "MWK", "price": "12000.00", "discount_price_currency": "MWK", "discount_price": null, "category": 1, "active": true, "slug": "50mmwb"}}, {"model": "mainapp.item", "pk": 21, "fields": {"item_name": "Berber point Roll Carpets", "item_description": "Berber point Roll Carpets", "unit": 2, "price_currency": "MWK", "price": "35000.00", "discount_price_currency": "MWK", "discount_price": null, "category": 2, "active": true, "slug": "bprc"}}, {"model": "mainapp.item", "pk": 22, "fields": {"item_name": "Berber point Tile Carpets", "item_description": "Berber point Tile Carpets", "unit": 2, "price_currency": "MWK", "price": "32000.00", "discount_price_currency": "MWK", "discount_price": null, "category": 2, "active": true, "slug": "bptc"}}, {"model": "mainapp.item", "pk": 23, "fields": {"item_name": "Westminister Roll Carpets", "item_description": "Westminister Roll Carpets", "unit": 2, "price_currency": "MWK", "price": "90000.00", "discount_price_currency": "MWK", "discount_price": null, "category": 2, "active": true, "slug": "wrc"}}, {"model": "mainapp.item", "pk": 24, "fields": {"item_name": "Tuscan/Essere Roll Carpets", "item_description": "Tuscan/Essere Roll Carpets", "unit": 2, "price_currency": "MWK", "price": "20000.00", "discount_price_currency": "MWK", "discount_price": null, "category": 2, "active": true, "slug": "terc"}}, {"model": "mainapp.item", "pk": 25, "fields": {"item_name": "Chamboard Roll Carpets", "item_description": "Chamboard Roll Carpets", "unit": 2, "price_currency": "MWK", "price": "78000.00", "discount_price_currency": "MWK", "discount_price": null, "category": 2, "active": true, "slug": "crc"}}, {"model": "mainapp.item", "pk": 26, "fields": {"item_name": "Rib Tiles", "item_description": "Rib Tiles", "unit": 2, "price_currency": "MWK", "price": "12000.00", "discount_price_currency": "MWK", "discount_price": null, "category": 2, "active": true, "slug": "rt"}}, {"model": "mainapp.item", "pk": 27, "fields": {"item_name": "Rib Roll", "item_description": "Rib Roll", "unit": 2, "price_currency": "MWK", "price": "2000.00", "discount_price_currency": "MWK", "discount_price": null, "category": 2, "active": true, "slug": "rr"}}, {"model": "mainapp.item", "pk": 28, "fields": {"item_name": "Destiny Roll Carpets", "item_description": "Destiny Roll Carpets", "unit": 2, "price_currency": "MWK", "price": "35000.00", "discount_price_currency": "MWK", "discount_price": null, "category": 2, "active": true, "slug": "drc"}}, {"model": "mainapp.item", "pk": 29, "fields": {"item_name": "Quick Flooring", "item_description": "Quick Flooring", "unit": 2, "price_currency": "MWK", "price": "73000.00", "discount_price_currency": "MWK", "discount_price": null, "category": 2, "active": true, "slug": "qf"}}, {"model": "mainapp.orderitem", "pk": 77, "fields": {"user": 5, "item": 1, "ordered": true, "quantity": 1, "ordered_item_price_currency": "MWK", "ordered_item_price": "4000.00", "ordered_items_total_currency": "MWK", "ordered_items_total": "4000.00"}}, {"model": "mainapp.orderitem", "pk": 78, "fields": {"user": 5, "item": 1, "ordered": true, "quantity": 2, "ordered_item_price_currency": "MWK", "ordered_item_price": "4000.00", "ordered_items_total_currency": "MWK", "ordered_items_total": "8000.00"}}, {"model": "mainapp.orderitem", "pk": 79, "fields": {"user": 5, "item": 2, "ordered": true, "quantity": 1, "ordered_item_price_currency": "MWK", "ordered_item_price": "7000.00", "ordered_items_total_currency": "MWK", "ordered_items_total": "7000.00"}}, {"model": "mainapp.orderitem", "pk": 80, "fields": {"user": 5, "item": 1, "ordered": true, "quantity": 6, "ordered_item_price_currency": "MWK", "ordered_item_price": "4000.00", "ordered_items_total_currency": "MWK", "ordered_items_total": "24000.00"}}, {"model": "mainapp.orderitem", "pk": 81, "fields": {"user": 5, "item": 2, "ordered": true, "quantity": 1, "ordered_item_price_currency": "MWK", "ordered_item_price": "7000.00", "ordered_items_total_currency": "MWK", "ordered_items_total": "7000.00"}}, {"model": "auth.permission", "pk": 1, "fields": {"name": "Can add log entry", "content_type": 1, "codename": "add_logentry"}}, {"model": "auth.permission", "pk": 2, "fields": {"name": "Can change log entry", "content_type": 1, "codename": "change_logentry"}}, {"model": "auth.permission", "pk": 3, "fields": {"name": "Can delete log entry", "content_type": 1, "codename": "delete_logentry"}}, {"model": "auth.permission", "pk": 4, "fields": {"name": "Can view log entry", "content_type": 1, "codename": "view_logentry"}}, {"model": "auth.permission", "pk": 5, "fields": {"name": "Can change config", "content_type": 2, "codename": "change_config"}}, {"model": "auth.permission", "pk": 6, "fields": {"name": "Can view config", "content_type": 2, "codename": "view_config"}}, {"model": "auth.permission", "pk": 7, "fields": {"name": "Can add permission", "content_type": 3, "codename": "add_permission"}}, {"model": "auth.permission", "pk": 8, "fields": {"name": "Can change permission", "content_type": 3, "codename": "change_permission"}}, {"model": "auth.permission", "pk": 9, "fields": {"name": "Can delete permission", "content_type": 3, "codename": "delete_permission"}}, {"model": "auth.permission", "pk": 10, "fields": {"name": "Can view permission", "content_type": 3, "codename": "view_permission"}}, {"model": "auth.permission", "pk": 11, "fields": {"name": "Can add group", "content_type": 4, "codename": "add_group"}}, {"model": "auth.permission", "pk": 12, "fields": {"name": "Can change group", "content_type": 4, "codename": "change_group"}}, {"model": "auth.permission", "pk": 13, "fields": {"name": "Can delete group", "content_type": 4, "codename": "delete_group"}}, {"model": "auth.permission", "pk": 14, "fields": {"name": "Can view group", "content_type": 4, "codename": "view_group"}}, {"model": "auth.permission", "pk": 15, "fields": {"name": "Can add content type", "content_type": 5, "codename": "add_contenttype"}}, {"model": "auth.permission", "pk": 16, "fields": {"name": "Can change content type", "content_type": 5, "codename": "change_contenttype"}}, {"model": "auth.permission", "pk": 17, "fields": {"name": "Can delete content type", "content_type": 5, "codename": "delete_contenttype"}}, {"model": "auth.permission", "pk": 18, "fields": {"name": "Can view content type", "content_type": 5, "codename": "view_contenttype"}}, {"model": "auth.permission", "pk": 19, "fields": {"name": "Can add session", "content_type": 6, "codename": "add_session"}}, {"model": "auth.permission", "pk": 20, "fields": {"name": "Can change session", "content_type": 6, "codename": "change_session"}}, {"model": "auth.permission", "pk": 21, "fields": {"name": "Can delete session", "content_type": 6, "codename": "delete_session"}}, {"model": "auth.permission", "pk": 22, "fields": {"name": "Can view session", "content_type": 6, "codename": "view_session"}}, {"model": "auth.permission", "pk": 23, "fields": {"name": "Can add custom user", "content_type": 7, "codename": "add_customuser"}}, {"model": "auth.permission", "pk": 24, "fields": {"name": "Can change custom user", "content_type": 7, "codename": "change_customuser"}}, {"model": "auth.permission", "pk": 25, "fields": {"name": "Can delete custom user", "content_type": 7, "codename": "delete_customuser"}}, {"model": "auth.permission", "pk": 26, "fields": {"name": "Can view custom user", "content_type": 7, "codename": "view_customuser"}}, {"model": "auth.permission", "pk": 27, "fields": {"name": "Can add customer", "content_type": 8, "codename": "add_customer"}}, {"model": "auth.permission", "pk": 28, "fields": {"name": "Can change customer", "content_type": 8, "codename": "change_customer"}}, {"model": "auth.permission", "pk": 29, "fields": {"name": "Can delete customer", "content_type": 8, "codename": "delete_customer"}}, {"model": "auth.permission", "pk": 30, "fields": {"name": "Can view customer", "content_type": 8, "codename": "view_customer"}}, {"model": "auth.permission", "pk": 31, "fields": {"name": "Can add item", "content_type": 9, "codename": "add_item"}}, {"model": "auth.permission", "pk": 32, "fields": {"name": "Can change item", "content_type": 9, "codename": "change_item"}}, {"model": "auth.permission", "pk": 33, "fields": {"name": "Can delete item", "content_type": 9, "codename": "delete_item"}}, {"model": "auth.permission", "pk": 34, "fields": {"name": "Can view item", "content_type": 9, "codename": "view_item"}}, {"model": "auth.permission", "pk": 35, "fields": {"name": "Can add item category", "content_type": 10, "codename": "add_itemcategory"}}, {"model": "auth.permission", "pk": 36, "fields": {"name": "Can change item category", "content_type": 10, "codename": "change_itemcategory"}}, {"model": "auth.permission", "pk": 37, "fields": {"name": "Can delete item category", "content_type": 10, "codename": "delete_itemcategory"}}, {"model": "auth.permission", "pk": 38, "fields": {"name": "Can view item category", "content_type": 10, "codename": "view_itemcategory"}}, {"model": "auth.permission", "pk": 39, "fields": {"name": "Can add unit", "content_type": 11, "codename": "add_unit"}}, {"model": "auth.permission", "pk": 40, "fields": {"name": "Can change unit", "content_type": 11, "codename": "change_unit"}}, {"model": "auth.permission", "pk": 41, "fields": {"name": "Can delete unit", "content_type": 11, "codename": "delete_unit"}}, {"model": "auth.permission", "pk": 42, "fields": {"name": "Can view unit", "content_type": 11, "codename": "view_unit"}}, {"model": "auth.permission", "pk": 43, "fields": {"name": "Can add order item", "content_type": 12, "codename": "add_orderitem"}}, {"model": "auth.permission", "pk": 44, "fields": {"name": "Can change order item", "content_type": 12, "codename": "change_orderitem"}}, {"model": "auth.permission", "pk": 45, "fields": {"name": "Can delete order item", "content_type": 12, "codename": "delete_orderitem"}}, {"model": "auth.permission", "pk": 46, "fields": {"name": "Can view order item", "content_type": 12, "codename": "view_orderitem"}}, {"model": "auth.permission", "pk": 47, "fields": {"name": "Can add order", "content_type": 13, "codename": "add_order"}}, {"model": "auth.permission", "pk": 48, "fields": {"name": "Can change order", "content_type": 13, "codename": "change_order"}}, {"model": "auth.permission", "pk": 49, "fields": {"name": "Can delete order", "content_type": 13, "codename": "delete_order"}}, {"model": "auth.permission", "pk": 50, "fields": {"name": "Can view order", "content_type": 13, "codename": "view_order"}}, {"model": "admin.logentry", "pk": 100, "fields": {"action_time": "2021-04-25T03:04:45.548", "user": 5, "content_type": 7, "object_id": "4", "object_repr": "daryadmin@gmail.com", "action_flag": 2, "change_message": "[{\"changed\": {\"fields\": [\"Staff\"]}}]"}}, {"model": "admin.logentry", "pk": 101, "fields": {"action_time": "2021-04-25T03:05:15.379", "user": 5, "content_type": 7, "object_id": "4", "object_repr": "daryadmin@gmail.com", "action_flag": 3, "change_message": ""}}]